timestamp,symbol,direction,entry,sl,tp,volume,status,retcode,comment
2025-11-19T07:25:59.903067,XAUUSD,1,,4089.881,4090.781,0.01,SKIPPED_MAX_TRADES,,Max open trades reached (57) >= 1. Skipping order.
2025-11-19T07:26:09.919552,XAUUSD,1,,4089.7709999999997,4090.671,0.01,SKIPPED_MAX_TRADES,,Max open trades reached (57) >= 1. Skipping order.
2025-11-19T07:26:19.927413,XAUUSD,1,,4089.48,4090.38,0.01,SKIPPED_MAX_TRADES,,Max open trades reached (57) >= 1. Skipping order.
2025-11-19T07:26:29.943860,XAUUSD,1,,4089.673,4090.573,0.01,SKIPPED_MAX_TRADES,,Max open trades reached (57) >= 1. Skipping order.
2025-11-19T07:30:40.903004,GBPUSD,1,1.31414,1.3110700000000002,1.32007,0.01,OK,10009,LiveEngine
2025-11-19T07:30:46.043091,GBPUSD,1,,1.31111,1.32011,0.01,SKIPPED_MAX_TRADES,,Max open trades reached (1) >= 1. Skipping order.
2025-11-19T07:30:51.067136,GBPUSD,1,,1.3111000000000002,1.3201,0.01,SKIPPED_MAX_TRADES,,Max open trades reached (1) >= 1. Skipping order.
2025-11-19T07:30:56.083878,GBPUSD,1,,1.3111000000000002,1.3201,0.01,SKIPPED_MAX_TRADES,,Max open trades reached (1) >= 1. Skipping order.
2025-11-19T07:31:01.101949,GBPUSD,1,,1.3111300000000001,1.32013,0.01,SKIPPED_MAX_TRADES,,Max open trades reached (1) >= 1. Skipping order.
2025-11-19T07:31:06.113114,GBPUSD,1,,1.3111400000000002,1.32014,0.01,SKIPPED_MAX_TRADES,,Max open trades reached (1) >= 1. Skipping order.
2025-11-19T07:31:11.117788,GBPUSD,1,,1.31122,1.32022,0.01,SKIPPED_MAX_TRADES,,Max open trades reached (1) >= 1. Skipping order.
2025-11-19T07:31:16.135705,GBPUSD,1,,1.31131,1.3203099999999999,0.01,SKIPPED_MAX_TRADES,,Max open trades reached (1) >= 1. Skipping order.
2025-11-19T07:31:21.146306,GBPUSD,1,,1.31131,1.3203099999999999,0.01,SKIPPED_MAX_TRADES,,Max open trades reached (1) >= 1. Skipping order.
2025-11-19T07:31:26.170724,GBPUSD,1,,1.31139,1.32039,0.01,SKIPPED_MAX_TRADES,,Max open trades reached (1) >= 1. Skipping order.
2025-11-19T07:31:31.177652,GBPUSD,1,,1.3114000000000001,1.3204,0.01,SKIPPED_MAX_TRADES,,Max open trades reached (1) >= 1. Skipping order.
2025-11-19T07:31:36.187058,GBPUSD,1,,1.3114000000000001,1.3204,0.01,SKIPPED_MAX_TRADES,,Max open trades reached (1) >= 1. Skipping order.
2025-11-19T07:31:41.200224,GBPUSD,1,,1.3114400000000002,1.32044,0.01,SKIPPED_MAX_TRADES,,Max open trades reached (1) >= 1. Skipping order.
2025-11-19T07:31:46.216020,GBPUSD,1,,1.3114100000000002,1.32041,0.01,SKIPPED_MAX_TRADES,,Max open trades reached (1) >= 1. Skipping order.
2025-11-19T07:31:51.249694,GBPUSD,1,,1.31138,1.3203799999999999,0.01,SKIPPED_MAX_TRADES,,Max open trades reached (1) >= 1. Skipping order.
2025-11-19T07:31:56.252314,GBPUSD,1,,1.3112700000000002,1.32027,0.01,SKIPPED_MAX_TRADES,,Max open trades reached (1) >= 1. Skipping order.
2025-11-19T07:32:01.269849,GBPUSD,1,,1.31129,1.32029,0.01,SKIPPED_MAX_TRADES,,Max open trades reached (1) >= 1. Skipping order.
2025-11-19T07:32:06.272694,GBPUSD,1,,1.31129,1.32029,0.01,SKIPPED_MAX_TRADES,,Max open trades reached (1) >= 1. Skipping order.
2025-11-19T07:32:11.283620,GBPUSD,1,,1.3112800000000002,1.3202800000000001,0.01,SKIPPED_MAX_TRADES,,Max open trades reached (1) >= 1. Skipping order.
2025-11-19T07:32:16.301932,GBPUSD,1,,1.31129,1.32029,0.01,SKIPPED_MAX_TRADES,,Max open trades reached (1) >= 1. Skipping order.
2025-11-19T07:32:21.318262,GBPUSD,1,,1.3112800000000002,1.3202800000000001,0.01,SKIPPED_MAX_TRADES,,Max open trades reached (1) >= 1. Skipping order.
2025-11-19T07:32:26.329365,GBPUSD,1,1.31439,1.31132,1.32032,0.01,OK,10009,LiveEngine
2025-11-19T07:32:44.854502,XAUUSD,1,4089.406,4088.9939999999997,4089.894,0.01,OK,10009,LiveEngine
2025-11-19T07:32:49.995421,XAUUSD,1,,4089.008,4089.908,0.01,SKIPPED_MAX_TRADES,,Max open trades reached (1) >= 1. Skipping order.
2025-11-19T07:32:55.012782,XAUUSD,1,,4089.444,4090.344,0.01,SKIPPED_MAX_TRADES,,Max open trades reached (1) >= 1. Skipping order.
2025-11-19T07:33:00.027782,XAUUSD,1,4089.779,4089.3669999999997,4090.267,0.01,OK,10009,LiveEngine
2025-11-19T07:33:05.162860,XAUUSD,1,4089.302,4088.89,4089.79,0.01,OK,10009,LiveEngine
2025-11-19T07:33:10.309333,XAUUSD,1,4089.61,4089.198,4090.098,0.01,OK,10009,LiveEngine
2025-11-19T07:33:15.451122,XAUUSD,1,,4089.004,4089.904,0.01,SKIPPED_MAX_TRADES,,Max open trades reached (1) >= 1. Skipping order.
2025-11-19T07:33:20.464068,XAUUSD,1,4089.383,4088.971,4089.871,0.01,OK,10009,LiveEngine
2025-11-19T07:33:25.609952,XAUUSD,1,,4089.5099999999998,4090.41,0.01,SKIPPED_MAX_TRADES,,Max open trades reached (1) >= 1. Skipping order.
2025-11-19T07:33:30.620971,XAUUSD,1,4089.756,4089.3439999999996,4090.2439999999997,0.01,OK,10009,LiveEngine
2025-11-19T07:33:35.759214,XAUUSD,1,,4089.3469999999998,4090.247,0.01,SKIPPED_MAX_TRADES,,Max open trades reached (1) >= 1. Skipping order.
2025-11-19T07:33:40.777893,XAUUSD,1,,4089.5069999999996,4090.4069999999997,0.01,SKIPPED_MAX_TRADES,,Max open trades reached (1) >= 1. Skipping order.
2025-11-19T07:33:45.789057,XAUUSD,1,,4089.5879999999997,4090.488,0.01,SKIPPED_MAX_TRADES,,Max open trades reached (1) >= 1. Skipping order.
2025-11-19T07:33:50.791046,XAUUSD,1,,4089.613,4090.513,0.01,SKIPPED_MAX_TRADES,,Max open trades reached (1) >= 1. Skipping order.
2025-11-19T07:33:55.810639,XAUUSD,1,4090.454,4090.042,4090.942,0.01,OK,10009,LiveEngine
2025-11-19T07:34:00.947946,XAUUSD,1,,4090.308,4091.208,0.01,SKIPPED_MAX_TRADES,,Max open trades reached (1) >= 1. Skipping order.
2025-11-19T07:34:05.958930,XAUUSD,1,,4090.4469999999997,4091.3469999999998,0.01,SKIPPED_MAX_TRADES,,Max open trades reached (1) >= 1. Skipping order.
2025-11-19T07:34:10.988520,XAUUSD,1,4091.026,4090.614,4091.514,0.01,OK,10009,LiveEngine
2025-11-19T07:34:16.133785,XAUUSD,1,,4090.475,4091.375,0.01,SKIPPED_MAX_TRADES,,Max open trades reached (1) >= 1. Skipping order.
2025-11-19T07:34:21.135304,XAUUSD,1,4090.577,4090.165,4091.065,0.01,OK,10009,LiveEngine
2025-11-19T07:34:26.284604,XAUUSD,1,,4090.345,4091.245,0.01,SKIPPED_MAX_TRADES,,Max open trades reached (1) >= 1. Skipping order.
2025-11-19T07:34:43.820013,XAUUSD,1,4090.939,4090.527,4091.427,0.01,OK,10009,LiveEngine
2025-11-19T07:34:48.972578,XAUUSD,1,,4090.6499999999996,4091.5499999999997,0.01,SKIPPED_MAX_TRADES,,Max open trades reached (1) >= 1. Skipping order.
2025-11-19T07:34:53.988971,XAUUSD,1,,4090.711,4091.611,0.01,SKIPPED_MAX_TRADES,,Max open trades reached (1) >= 1. Skipping order.
2025-11-19T07:34:58.999730,XAUUSD,1,,4090.614,4091.514,0.01,SKIPPED_MAX_TRADES,,Max open trades reached (1) >= 1. Skipping order.
2025-11-19T07:35:04.015172,XAUUSD,1,,4090.2909999999997,4091.191,0.01,SKIPPED_MAX_TRADES,,Max open trades reached (1) >= 1. Skipping order.
2025-11-19T07:35:09.026033,XAUUSD,1,,4090.3759999999997,4091.276,0.01,SKIPPED_MAX_TRADES,,Max open trades reached (1) >= 1. Skipping order.
2025-11-19T07:35:14.034553,XAUUSD,1,4090.736,4090.3239999999996,4091.2239999999997,0.01,OK,10009,LiveEngine
2025-11-19T07:35:19.175776,XAUUSD,1,,4090.3579999999997,4091.258,0.01,SKIPPED_MAX_TRADES,,Max open trades reached (1) >= 1. Skipping order.
2025-11-19T07:35:24.178988,XAUUSD,1,,4090.712,4091.612,0.01,SKIPPED_MAX_TRADES,,Max open trades reached (1) >= 1. Skipping order.
2025-11-19T07:35:29.197988,XAUUSD,1,,4090.894,4091.794,0.01,SKIPPED_MAX_TRADES,,Max open trades reached (1) >= 1. Skipping order.
2025-11-19T07:35:34.212085,XAUUSD,1,4091.449,4091.037,4091.937,0.01,OK,10009,LiveEngine
2025-11-19T07:35:39.353353,XAUUSD,1,,4091.5029999999997,4092.403,0.01,SKIPPED_MAX_TRADES,,Max open trades reached (1) >= 1. Skipping order.
2025-11-19T07:35:44.368596,XAUUSD,1,4091.473,4091.129,4092.029,0.01,OK,10009,LiveEngine
2025-11-19T07:35:49.860687,XAUUSD,1,4091.26,4090.848,4091.748,0.5,OK,10009,LiveEngine
2025-11-19T07:35:54.993768,XAUUSD,1,,4091.0589999999997,4091.959,0.5,SKIPPED_MAX_TRADES,,Max open trades reached (1) >= 1. Skipping order.
2025-11-19T07:36:00.012110,XAUUSD,1,4090.922,4090.5099999999998,4091.41,0.5,OK,10009,LiveEngine
2025-11-19T07:36:05.172079,XAUUSD,1,,4090.4159999999997,4091.316,0.5,SKIPPED_MAX_TRADES,,Max open trades reached (1) >= 1. Skipping order.
2025-11-19T07:36:10.183419,XAUUSD,1,,4090.95,4091.85,0.5,SKIPPED_MAX_TRADES,,Max open trades reached (1) >= 1. Skipping order.
2025-11-19T07:36:15.189726,XAUUSD,1,4091.476,4091.064,4091.964,0.5,OK,10009,LiveEngine
2025-11-19T07:36:20.328293,XAUUSD,1,4092.123,4091.711,4092.611,0.5,OK,10009,LiveEngine
2025-11-19T07:36:25.491651,XAUUSD,1,,4091.9629999999997,4092.863,0.5,SKIPPED_MAX_TRADES,,Max open trades reached (1) >= 1. Skipping order.
2025-11-19T07:36:30.498773,XAUUSD,1,,4091.9719999999998,4092.872,0.5,SKIPPED_MAX_TRADES,,Max open trades reached (1) >= 1. Skipping order.
2025-11-19T07:36:35.521644,XAUUSD,1,4092.664,4092.252,4093.152,0.5,OK,10009,LiveEngine
2025-11-19T07:36:40.667465,XAUUSD,1,,4091.982,4092.882,0.5,SKIPPED_MAX_TRADES,,Max open trades reached (1) >= 1. Skipping order.
2025-11-19T07:36:45.684260,XAUUSD,1,4092.324,4091.912,4092.812,0.5,OK,10009,LiveEngine
2025-11-19T07:36:50.815199,XAUUSD,1,,4092.156,4093.056,0.5,SKIPPED_MAX_TRADES,,Max open trades reached (1) >= 1. Skipping order.
2025-11-19T07:36:55.833957,XAUUSD,1,,4092.0339999999997,4092.9339999999997,0.5,SKIPPED_MAX_TRADES,,Max open trades reached (1) >= 1. Skipping order.
2025-11-19T07:37:00.844855,XAUUSD,1,,4092.258,4093.158,0.5,SKIPPED_MAX_TRADES,,Max open trades reached (1) >= 1. Skipping order.
2025-11-19T07:37:05.852505,XAUUSD,1,,4092.212,4093.112,0.5,SKIPPED_MAX_TRADES,,Max open trades reached (1) >= 1. Skipping order.
2025-11-19T07:37:10.865171,XAUUSD,1,4092.791,4092.379,4093.279,0.5,OK,10009,LiveEngine
2025-11-19T07:37:16.004492,XAUUSD,1,4092.371,4091.959,4092.859,0.5,OK,10009,LiveEngine
2025-11-19T07:37:21.147210,XAUUSD,1,,4092.1899999999996,4093.0899999999997,0.5,SKIPPED_MAX_TRADES,,Max open trades reached (1) >= 1. Skipping order.
2025-11-19T07:37:26.165133,XAUUSD,1,,4092.2639999999997,4093.1639999999998,0.5,SKIPPED_MAX_TRADES,,Max open trades reached (1) >= 1. Skipping order.
2025-11-19T07:37:31.179012,XAUUSD,1,,4092.009,4092.909,0.5,SKIPPED_MAX_TRADES,,Max open trades reached (1) >= 1. Skipping order.
2025-11-19T07:37:36.181873,XAUUSD,1,,4092.075,4092.975,0.5,SKIPPED_MAX_TRADES,,Max open trades reached (1) >= 1. Skipping order.
2025-11-19T07:37:41.207907,XAUUSD,1,,4092.265,4093.165,0.5,SKIPPED_MAX_TRADES,,Max open trades reached (1) >= 1. Skipping order.
2025-11-19T07:37:46.215123,XAUUSD,1,,4092.537,4093.437,0.5,SKIPPED_MAX_TRADES,,Max open trades reached (1) >= 1. Skipping order.
2025-11-19T07:37:51.242426,XAUUSD,1,,4092.267,4093.167,0.5,SKIPPED_MAX_TRADES,,Max open trades reached (1) >= 1. Skipping order.
2025-11-19T07:37:56.253158,XAUUSD,1,4093.42,4093.008,4093.908,0.5,OK,10009,LiveEngine
2025-11-19T07:38:01.455485,XAUUSD,1,,4092.729,4093.629,0.5,SKIPPED_MAX_TRADES,,Max open trades reached (1) >= 1. Skipping order.
2025-11-19T07:38:06.466887,XAUUSD,1,4092.901,4092.489,4093.389,0.5,OK,10009,LiveEngine
2025-11-19T07:38:11.606218,XAUUSD,1,,4092.2349999999997,4093.1349999999998,0.5,SKIPPED_MAX_TRADES,,Max open trades reached (1) >= 1. Skipping order.
2025-11-19T07:38:16.608207,XAUUSD,1,4092.246,4091.834,4092.734,0.5,OK,10009,LiveEngine
2025-11-19T07:38:21.753251,XAUUSD,1,,4091.968,4092.868,0.5,SKIPPED_MAX_TRADES,,Max open trades reached (1) >= 1. Skipping order.
2025-11-19T07:38:26.761736,XAUUSD,1,,4092.015,4092.915,0.5,SKIPPED_MAX_TRADES,,Max open trades reached (1) >= 1. Skipping order.
2025-11-19T07:38:31.775215,XAUUSD,1,4092.87,4092.4579999999996,4093.3579999999997,0.5,OK,10009,LiveEngine
2025-11-19T07:38:36.917073,XAUUSD,1,,4092.493,4093.393,0.5,SKIPPED_MAX_TRADES,,Max open trades reached (1) >= 1. Skipping order.
2025-11-19T07:38:41.929279,XAUUSD,1,,4092.4809999999998,4093.381,0.5,SKIPPED_MAX_TRADES,,Max open trades reached (1) >= 1. Skipping order.
2025-11-19T07:38:46.935622,XAUUSD,1,4092.429,4092.017,4092.917,0.5,OK,10009,LiveEngine
2025-11-19T07:38:52.084231,XAUUSD,1,,4092.017,4092.917,0.5,SKIPPED_MAX_TRADES,,Max open trades reached (1) >= 1. Skipping order.
2025-11-19T07:38:57.091179,XAUUSD,1,4093.213,4092.801,4093.701,0.5,OK,10009,LiveEngine
2025-11-19T07:39:02.241889,XAUUSD,1,4092.675,4092.263,4093.163,0.5,OK,10009,LiveEngine
2025-11-19T07:39:07.387460,XAUUSD,1,,4092.173,4093.073,0.5,SKIPPED_MAX_TRADES,,Max open trades reached (1) >= 1. Skipping order.
2025-11-19T07:39:12.393495,XAUUSD,1,,4092.393,4093.293,0.5,SKIPPED_MAX_TRADES,,Max open trades reached (1) >= 1. Skipping order.
2025-11-19T07:39:17.408573,XAUUSD,1,,4092.5899999999997,4093.49,0.5,SKIPPED_MAX_TRADES,,Max open trades reached (1) >= 1. Skipping order.
2025-11-19T07:39:22.425218,XAUUSD,1,,4092.4829999999997,4093.383,0.5,SKIPPED_MAX_TRADES,,Max open trades reached (1) >= 1. Skipping order.
2025-11-19T07:39:27.429758,XAUUSD,1,,4092.21,4093.11,0.5,SKIPPED_MAX_TRADES,,Max open trades reached (1) >= 1. Skipping order.
2025-11-19T07:39:32.448318,XAUUSD,1,4093.751,4093.339,4094.239,0.5,OK,10009,LiveEngine
2025-11-19T07:39:38.095079,XAUUSD,1,,4093.2859999999996,4094.1859999999997,0.5,SKIPPED_MAX_TRADES,,Max open trades reached (1) >= 1. Skipping order.
2025-11-19T07:39:43.105970,XAUUSD,1,,4093.928,4094.828,0.5,SKIPPED_MAX_TRADES,,Max open trades reached (1) >= 1. Skipping order.
2025-11-19T07:39:48.108371,XAUUSD,1,,4093.794,4094.694,0.5,SKIPPED_MAX_TRADES,,Max open trades reached (1) >= 1. Skipping order.
2025-11-19T07:39:53.126903,XAUUSD,1,,4093.8199999999997,4094.72,0.5,SKIPPED_MAX_TRADES,,Max open trades reached (1) >= 1. Skipping order.
2025-11-19T07:39:58.145238,XAUUSD,1,,4093.701,4094.601,0.5,SKIPPED_MAX_TRADES,,Max open trades reached (1) >= 1. Skipping order.
2025-11-19T07:40:03.165124,XAUUSD,1,4094.402,4093.99,4094.89,0.5,OK,10009,LiveEngine
2025-11-19T07:40:08.326982,XAUUSD,1,,4093.783,4094.683,0.5,SKIPPED_MAX_TRADES,,Max open trades reached (1) >= 1. Skipping order.
2025-11-19T07:40:13.332058,XAUUSD,1,,4094.2819999999997,4095.182,0.5,SKIPPED_MAX_TRADES,,Max open trades reached (1) >= 1. Skipping order.
2025-11-19T07:40:18.345971,XAUUSD,1,,4094.209,4095.109,0.5,SKIPPED_MAX_TRADES,,Max open trades reached (1) >= 1. Skipping order.
2025-11-19T07:40:23.361626,XAUUSD,1,,4093.865,4094.765,0.5,SKIPPED_MAX_TRADES,,Max open trades reached (1) >= 1. Skipping order.
2025-11-19T07:40:28.363910,XAUUSD,1,,4094.312,4095.212,0.5,SKIPPED_MAX_TRADES,,Max open trades reached (1) >= 1. Skipping order.
2025-11-19T07:40:33.385885,XAUUSD,1,,4094.0809999999997,4094.9809999999998,0.5,SKIPPED_MAX_TRADES,,Max open trades reached (1) >= 1. Skipping order.
2025-11-19T07:40:38.398153,XAUUSD,1,,4093.908,4094.808,0.5,SKIPPED_MAX_TRADES,,Max open trades reached (1) >= 1. Skipping order.
2025-11-19T07:40:43.414383,XAUUSD,1,4094.27,4093.8579999999997,4094.758,0.5,OK,10009,LiveEngine
2025-11-19T07:40:48.563822,XAUUSD,1,4093.729,4093.317,4094.217,0.5,OK,10009,LiveEngine
2025-11-19T07:40:53.692518,XAUUSD,1,4094.347,4093.935,4094.835,0.5,OK,10009,LiveEngine
2025-11-19T07:40:58.831501,XAUUSD,1,4095.063,4094.651,4095.551,0.5,OK,10009,LiveEngine
2025-11-19T07:41:03.982496,XAUUSD,1,,4094.8109999999997,4095.711,0.5,SKIPPED_MAX_TRADES,,Max open trades reached (1) >= 1. Skipping order.
2025-11-19T07:41:08.998541,XAUUSD,1,,4094.591,4095.491,0.5,SKIPPED_MAX_TRADES,,Max open trades reached (1) >= 1. Skipping order.
2025-11-19T07:41:14.011531,XAUUSD,1,4096.168,4095.7559999999994,4096.656,0.5,OK,10009,LiveEngine
2025-11-19T07:41:19.165711,XAUUSD,1,,4095.642,4096.542,0.5,SKIPPED_MAX_TRADES,,Max open trades reached (1) >= 1. Skipping order.
2025-11-19T07:41:24.168531,XAUUSD,1,,4095.7079999999996,4096.608,0.5,SKIPPED_MAX_TRADES,,Max open trades reached (1) >= 1. Skipping order.
2025-11-19T07:41:29.190501,XAUUSD,1,4095.441,4095.029,4095.929,0.5,OK,10009,LiveEngine
2025-11-19T07:41:34.333957,XAUUSD,1,,4095.08,4095.98,0.5,SKIPPED_MAX_TRADES,,Max open trades reached (1) >= 1. Skipping order.
2025-11-19T07:41:39.348053,XAUUSD,1,4095.227,4094.8149999999996,4095.7149999999997,0.5,OK,10009,LiveEngine
2025-11-19T07:41:44.765146,XAUUSD,1,4095.222,4094.81,4095.71,0.5,OK,10009,LiveEngine
2025-11-19T07:41:50.135739,XAUUSD,1,,4094.8619999999996,4095.7619999999997,0.5,SKIPPED_MAX_TRADES,,Max open trades reached (1) >= 1. Skipping order.
2025-11-19T07:41:55.149740,XAUUSD,1,,4095.153,4096.053,0.5,SKIPPED_MAX_TRADES,,Max open trades reached (1) >= 1. Skipping order.
2025-11-19T07:42:00.163268,XAUUSD,1,4094.405,4093.993,4094.893,0.5,OK,10009,LiveEngine
2025-11-19T07:42:05.329971,XAUUSD,1,,4093.877,4094.777,0.5,SKIPPED_MAX_TRADES,,Max open trades reached (1) >= 1. Skipping order.
2025-11-19T07:42:10.340949,XAUUSD,1,,4094.0499999999997,4094.95,0.5,SKIPPED_MAX_TRADES,,Max open trades reached (1) >= 1. Skipping order.
2025-11-19T07:42:15.352853,XAUUSD,1,,4094.028,4094.928,0.5,SKIPPED_MAX_TRADES,,Max open trades reached (1) >= 1. Skipping order.
2025-11-19T07:42:20.369550,XAUUSD,1,,4094.548,4095.448,0.5,SKIPPED_MAX_TRADES,,Max open trades reached (1) >= 1. Skipping order.
2025-11-19T07:42:25.385820,XAUUSD,1,,4094.5699999999997,4095.47,0.5,SKIPPED_MAX_TRADES,,Max open trades reached (1) >= 1. Skipping order.
2025-11-19T07:42:30.400149,XAUUSD,1,4094.948,4094.5359999999996,4095.4359999999997,0.5,OK,10009,LiveEngine
2025-11-19T07:42:35.648779,XAUUSD,1,,4094.8379999999997,4095.738,0.5,SKIPPED_MAX_TRADES,,Max open trades reached (1) >= 1. Skipping order.
2025-11-19T07:42:40.659712,XAUUSD,1,,4094.9199999999996,4095.8199999999997,0.5,SKIPPED_MAX_TRADES,,Max open trades reached (1) >= 1. Skipping order.
2025-11-19T07:42:45.673056,XAUUSD,1,,4094.553,4095.453,0.5,SKIPPED_MAX_TRADES,,Max open trades reached (1) >= 1. Skipping order.
2025-11-19T07:42:50.683348,XAUUSD,1,,4094.504,4095.404,0.5,SKIPPED_MAX_TRADES,,Max open trades reached (1) >= 1. Skipping order.
2025-11-19T07:42:55.691355,XAUUSD,1,,4094.3959999999997,4095.296,0.5,SKIPPED_MAX_TRADES,,Max open trades reached (1) >= 1. Skipping order.
2025-11-19T07:43:00.697379,XAUUSD,1,,4094.9629999999997,4095.863,0.5,SKIPPED_MAX_TRADES,,Max open trades reached (1) >= 1. Skipping order.
2025-11-19T07:43:05.711345,XAUUSD,1,,4094.792,4095.692,0.5,SKIPPED_MAX_TRADES,,Max open trades reached (1) >= 1. Skipping order.
2025-11-19T07:43:10.726639,XAUUSD,1,4095.576,4095.1639999999998,4096.064,0.5,OK,10009,LiveEngine
2025-11-19T07:43:15.872169,XAUUSD,1,4095.39,4094.9779999999996,4095.8779999999997,0.5,OK,10009,LiveEngine
2025-11-19T07:43:21.047538,XAUUSD,1,4094.908,4094.4959999999996,4095.3959999999997,0.5,OK,10009,LiveEngine
2025-11-19T07:43:26.202430,XAUUSD,1,4094.057,4093.645,4094.545,0.5,OK,10009,LiveEngine
2025-11-19T07:43:31.340742,XAUUSD,1,,4093.7459999999996,4094.6459999999997,0.5,SKIPPED_MAX_TRADES,,Max open trades reached (1) >= 1. Skipping order.
2025-11-19T07:43:36.352623,XAUUSD,1,,4094.0679999999998,4094.968,0.5,SKIPPED_MAX_TRADES,,Max open trades reached (1) >= 1. Skipping order.
2025-11-19T07:43:41.361792,XAUUSD,1,4094.672,4094.2599999999998,4095.16,0.5,OK,10009,LiveEngine
2025-11-19T07:43:46.505189,XAUUSD,1,,4094.453,4095.353,0.5,SKIPPED_MAX_TRADES,,Max open trades reached (1) >= 1. Skipping order.
2025-11-19T07:43:51.518256,XAUUSD,1,,4094.656,4095.556,0.5,SKIPPED_MAX_TRADES,,Max open trades reached (1) >= 1. Skipping order.
2025-11-19T07:43:56.529013,XAUUSD,1,,4094.5829999999996,4095.4829999999997,0.5,SKIPPED_MAX_TRADES,,Max open trades reached (1) >= 1. Skipping order.
2025-11-19T07:44:01.533458,XAUUSD,1,,4094.493,4095.393,0.5,SKIPPED_MAX_TRADES,,Max open trades reached (1) >= 1. Skipping order.
2025-11-19T07:44:06.543194,XAUUSD,1,,4094.6569999999997,4095.557,0.5,SKIPPED_MAX_TRADES,,Max open trades reached (1) >= 1. Skipping order.
2025-11-19T07:44:11.549680,XAUUSD,1,,4094.745,4095.645,0.5,SKIPPED_MAX_TRADES,,Max open trades reached (1) >= 1. Skipping order.
2025-11-19T07:44:16.557588,XAUUSD,1,,4094.352,4095.252,0.5,SKIPPED_MAX_TRADES,,Max open trades reached (1) >= 1. Skipping order.
2025-11-19T07:44:21.559568,XAUUSD,1,,4094.192,4095.092,0.5,SKIPPED_MAX_TRADES,,Max open trades reached (1) >= 1. Skipping order.
2025-11-19T07:44:26.574515,XAUUSD,1,,4094.078,4094.978,0.5,SKIPPED_MAX_TRADES,,Max open trades reached (1) >= 1. Skipping order.
2025-11-19T07:44:31.589565,XAUUSD,1,,4094.0319999999997,4094.932,0.5,SKIPPED_MAX_TRADES,,Max open trades reached (1) >= 1. Skipping order.
2025-11-19T07:44:36.596313,XAUUSD,1,,4094.691,4095.591,0.5,SKIPPED_MAX_TRADES,,Max open trades reached (1) >= 1. Skipping order.
2025-11-19T07:44:41.617298,XAUUSD,1,,4094.611,4095.511,0.5,SKIPPED_MAX_TRADES,,Max open trades reached (1) >= 1. Skipping order.
2025-11-19T07:44:46.626951,XAUUSD,1,,4094.528,4095.428,0.5,SKIPPED_MAX_TRADES,,Max open trades reached (1) >= 1. Skipping order.
2025-11-19T07:44:51.641955,XAUUSD,1,,4094.654,4095.554,0.5,SKIPPED_MAX_TRADES,,Max open trades reached (1) >= 1. Skipping order.
2025-11-19T07:44:56.652494,XAUUSD,1,,4094.8529999999996,4095.7529999999997,0.5,SKIPPED_MAX_TRADES,,Max open trades reached (1) >= 1. Skipping order.
2025-11-19T07:45:01.665228,XAUUSD,1,,4094.524,4095.424,0.5,SKIPPED_MAX_TRADES,,Max open trades reached (1) >= 1. Skipping order.
2025-11-19T07:45:06.675160,XAUUSD,1,,4094.689,4095.589,0.5,SKIPPED_MAX_TRADES,,Max open trades reached (1) >= 1. Skipping order.
2025-11-19T07:45:11.690177,XAUUSD,1,,4094.707,4095.607,0.5,SKIPPED_MAX_TRADES,,Max open trades reached (1) >= 1. Skipping order.
2025-11-19T07:45:16.705170,XAUUSD,1,,4094.624,4095.524,0.5,SKIPPED_MAX_TRADES,,Max open trades reached (1) >= 1. Skipping order.
2025-11-19T07:45:21.726549,XAUUSD,1,,4094.691,4095.591,0.5,SKIPPED_MAX_TRADES,,Max open trades reached (1) >= 1. Skipping order.
2025-11-19T07:45:26.738249,XAUUSD,1,,4094.4579999999996,4095.3579999999997,0.5,SKIPPED_MAX_TRADES,,Max open trades reached (1) >= 1. Skipping order.
2025-11-19T07:45:31.745898,XAUUSD,1,,4094.7529999999997,4095.653,0.5,SKIPPED_MAX_TRADES,,Max open trades reached (1) >= 1. Skipping order.
2025-11-19T07:45:36.756206,XAUUSD,1,,4094.652,4095.552,0.5,SKIPPED_MAX_TRADES,,Max open trades reached (1) >= 1. Skipping order.
2025-11-19T07:45:41.767927,XAUUSD,1,,4094.6929999999998,4095.593,0.5,SKIPPED_MAX_TRADES,,Max open trades reached (1) >= 1. Skipping order.
2025-11-19T07:45:46.781463,XAUUSD,1,4094.968,4094.556,4095.456,0.5,OK,10009,LiveEngine
2025-11-19T07:45:51.919286,XAUUSD,1,,4094.6059999999998,4095.506,0.5,SKIPPED_MAX_TRADES,,Max open trades reached (1) >= 1. Skipping order.
2025-11-19T07:45:56.929653,XAUUSD,1,,4094.6259999999997,4095.526,0.5,SKIPPED_MAX_TRADES,,Max open trades reached (1) >= 1. Skipping order.
2025-11-19T07:46:01.955507,XAUUSD,1,,4094.2909999999997,4095.191,0.5,SKIPPED_MAX_TRADES,,Max open trades reached (1) >= 1. Skipping order.
2025-11-19T07:46:06.958028,XAUUSD,1,4094.823,4094.4109999999996,4095.3109999999997,0.5,OK,10009,LiveEngine
2025-11-19T07:46:12.114396,XAUUSD,1,,4094.5919999999996,4095.4919999999997,0.5,SKIPPED_MAX_TRADES,,Max open trades reached (1) >= 1. Skipping order.
2025-11-19T07:46:17.135121,XAUUSD,1,,4094.6259999999997,4095.526,0.5,SKIPPED_MAX_TRADES,,Max open trades reached (1) >= 1. Skipping order.
2025-11-19T07:46:22.145989,XAUUSD,1,,4094.551,4095.451,0.5,SKIPPED_MAX_TRADES,,Max open trades reached (1) >= 1. Skipping order.
2025-11-19T07:46:27.158061,XAUUSD,1,,4094.484,4095.384,0.5,SKIPPED_MAX_TRADES,,Max open trades reached (1) >= 1. Skipping order.
2025-11-19T07:46:32.169905,XAUUSD,1,,4094.575,4095.475,0.5,SKIPPED_MAX_TRADES,,Max open trades reached (1) >= 1. Skipping order.
2025-11-19T07:46:37.182761,XAUUSD,1,,4094.41,4095.31,0.5,SKIPPED_MAX_TRADES,,Max open trades reached (1) >= 1. Skipping order.
2025-11-19T07:46:42.194562,XAUUSD,1,,4094.4939999999997,4095.394,0.5,SKIPPED_MAX_TRADES,,Max open trades reached (1) >= 1. Skipping order.
2025-11-19T07:46:47.206704,XAUUSD,1,,4094.783,4095.683,0.5,SKIPPED_MAX_TRADES,,Max open trades reached (1) >= 1. Skipping order.
2025-11-19T07:46:52.209560,XAUUSD,1,4095.165,4094.7529999999997,4095.653,0.5,OK,10009,LiveEngine
2025-11-19T07:46:57.377212,XAUUSD,1,,4094.676,4095.576,0.5,SKIPPED_MAX_TRADES,,Max open trades reached (1) >= 1. Skipping order.
2025-11-19T07:47:02.386322,XAUUSD,1,,4094.868,4095.768,0.5,SKIPPED_MAX_TRADES,,Max open trades reached (1) >= 1. Skipping order.
2025-11-19T07:47:07.399463,XAUUSD,1,,4095.0739999999996,4095.9739999999997,0.5,SKIPPED_MAX_TRADES,,Max open trades reached (1) >= 1. Skipping order.
2025-11-19T07:47:12.411313,XAUUSD,1,,4095.1929999999998,4096.093,0.5,SKIPPED_MAX_TRADES,,Max open trades reached (1) >= 1. Skipping order.
2025-11-19T07:47:17.416393,XAUUSD,1,,4095.173,4096.073,0.5,SKIPPED_MAX_TRADES,,Max open trades reached (1) >= 1. Skipping order.
2025-11-19T07:47:22.440353,XAUUSD,1,,4095.0679999999998,4095.968,0.5,SKIPPED_MAX_TRADES,,Max open trades reached (1) >= 1. Skipping order.
2025-11-19T07:47:27.454102,XAUUSD,1,,4095.165,4096.0650000000005,0.5,SKIPPED_MAX_TRADES,,Max open trades reached (1) >= 1. Skipping order.
2025-11-19T07:47:32.469789,XAUUSD,1,4095.768,4095.399,4096.299,0.5,OK,10009,LiveEngine
2025-11-19T07:47:37.624504,XAUUSD,1,4095.338,4094.926,4095.826,0.5,OK,10009,LiveEngine
2025-11-19T07:47:42.761295,XAUUSD,1,4094.961,4094.549,4095.449,0.5,OK,10009,LiveEngine
2025-11-19T07:47:47.954608,XAUUSD,1,,4094.7949999999996,4095.6949999999997,0.5,SKIPPED_MAX_TRADES,,Max open trades reached (1) >= 1. Skipping order.
2025-11-19T07:47:52.960713,XAUUSD,1,,4094.694,4095.594,0.5,SKIPPED_MAX_TRADES,,Max open trades reached (1) >= 1. Skipping order.
2025-11-19T07:47:57.983416,XAUUSD,1,,4095.107,4096.0070000000005,0.5,SKIPPED_MAX_TRADES,,Max open trades reached (1) >= 1. Skipping order.
2025-11-19T07:48:02.991446,XAUUSD,1,4095.232,4094.8199999999997,4095.72,0.5,OK,10009,LiveEngine
2025-11-19T07:48:08.136139,XAUUSD,1,,4095.0209999999997,4095.921,0.5,SKIPPED_MAX_TRADES,,Max open trades reached (1) >= 1. Skipping order.
2025-11-19T07:48:13.149153,XAUUSD,1,,4094.863,4095.763,0.5,SKIPPED_MAX_TRADES,,Max open trades reached (1) >= 1. Skipping order.
2025-11-19T07:48:18.154983,XAUUSD,1,,4094.959,4095.859,0.5,SKIPPED_MAX_TRADES,,Max open trades reached (1) >= 1. Skipping order.
2025-11-19T07:48:23.164196,XAUUSD,1,,4095.1699999999996,4096.07,0.5,SKIPPED_MAX_TRADES,,Max open trades reached (1) >= 1. Skipping order.
2025-11-19T07:48:28.174839,XAUUSD,1,,4094.9689999999996,4095.8689999999997,0.5,SKIPPED_MAX_TRADES,,Max open trades reached (1) >= 1. Skipping order.
2025-11-19T07:48:33.179570,XAUUSD,1,,4094.881,4095.781,0.5,SKIPPED_MAX_TRADES,,Max open trades reached (1) >= 1. Skipping order.
2025-11-19T07:48:38.200728,XAUUSD,1,,4094.7799999999997,4095.68,0.5,SKIPPED_MAX_TRADES,,Max open trades reached (1) >= 1. Skipping order.
2025-11-19T07:48:43.216304,XAUUSD,1,,4095.0699999999997,4095.97,0.5,SKIPPED_MAX_TRADES,,Max open trades reached (1) >= 1. Skipping order.
2025-11-19T07:48:48.223051,XAUUSD,1,,4095.254,4096.154,0.5,SKIPPED_MAX_TRADES,,Max open trades reached (1) >= 1. Skipping order.
2025-11-19T07:48:53.244939,XAUUSD,1,4095.881,4095.4689999999996,4096.369,0.5,OK,10009,LiveEngine
2025-11-19T07:48:58.391328,XAUUSD,1,,4095.62,4096.52,0.5,SKIPPED_MAX_TRADES,,Max open trades reached (1) >= 1. Skipping order.
2025-11-19T07:49:03.409163,XAUUSD,1,4096.406,4095.9939999999997,4096.894,0.5,OK,10009,LiveEngine
2025-11-19T07:49:08.559491,XAUUSD,1,,4096.539,4097.439,0.5,SKIPPED_MAX_TRADES,,Max open trades reached (1) >= 1. Skipping order.
2025-11-19T07:49:13.576223,XAUUSD,1,4096.477,4096.065,4096.965,0.5,OK,10009,LiveEngine
2025-11-19T07:49:18.727328,XAUUSD,1,,4096.231,4097.131,0.5,SKIPPED_MAX_TRADES,,Max open trades reached (1) >= 1. Skipping order.
2025-11-19T07:49:23.738699,XAUUSD,1,4095.951,4095.5389999999998,4096.439,0.5,OK,10009,LiveEngine
2025-11-19T07:49:28.885496,XAUUSD,1,,4095.974,4096.874000000001,0.5,SKIPPED_MAX_TRADES,,Max open trades reached (1) >= 1. Skipping order.
2025-11-19T07:49:33.896744,XAUUSD,1,4095.152,4094.74,4095.64,0.5,OK,10009,LiveEngine
2025-11-19T07:49:39.038932,XAUUSD,1,,4094.8619999999996,4095.7619999999997,0.5,SKIPPED_MAX_TRADES,,Max open trades reached (1) >= 1. Skipping order.
2025-11-19T07:49:44.055530,XAUUSD,1,4095.127,4094.7149999999997,4095.615,0.5,OK,10009,LiveEngine
2025-11-19T07:49:49.202854,XAUUSD,1,,4094.9649999999997,4095.865,0.5,SKIPPED_MAX_TRADES,,Max open trades reached (1) >= 1. Skipping order.
2025-11-19T07:49:54.212078,XAUUSD,1,,4094.502,4095.402,0.5,SKIPPED_MAX_TRADES,,Max open trades reached (1) >= 1. Skipping order.
2025-11-19T07:49:59.223968,XAUUSD,1,,4094.4959999999996,4095.3959999999997,0.5,SKIPPED_MAX_TRADES,,Max open trades reached (1) >= 1. Skipping order.
2025-11-19T07:50:04.226380,XAUUSD,1,4094.011,4093.5989999999997,4094.499,0.5,OK,10009,LiveEngine
2025-11-19T07:50:09.369539,XAUUSD,1,4093.766,4093.354,4094.254,0.5,OK,10009,LiveEngine
2025-11-19T07:50:14.527058,XAUUSD,1,4094.19,4093.778,4094.678,0.5,OK,10009,LiveEngine
2025-11-19T07:50:19.670889,XAUUSD,1,,4093.9779999999996,4094.8779999999997,0.5,SKIPPED_MAX_TRADES,,Max open trades reached (1) >= 1. Skipping order.
2025-11-19T07:50:24.676629,XAUUSD,1,,4093.75,4094.65,0.5,SKIPPED_MAX_TRADES,,Max open trades reached (1) >= 1. Skipping order.
2025-11-19T07:50:29.686139,XAUUSD,1,4094.446,4094.0339999999997,4094.9339999999997,0.5,OK,10009,LiveEngine
2025-11-19T07:50:34.860241,XAUUSD,1,4095.315,4094.903,4095.803,0.5,OK,10009,LiveEngine
2025-11-19T07:50:40.012452,XAUUSD,1,4095.342,4094.93,4095.83,0.5,OK,10009,LiveEngine
2025-11-19T07:50:45.179924,XAUUSD,1,,4094.8779999999997,4095.778,0.5,SKIPPED_MAX_TRADES,,Max open trades reached (1) >= 1. Skipping order.
2025-11-19T07:50:50.214020,XAUUSD,1,,4094.8199999999997,4095.72,0.5,SKIPPED_MAX_TRADES,,Max open trades reached (1) >= 1. Skipping order.
2025-11-19T07:50:55.228415,XAUUSD,1,,4094.9339999999997,4095.834,0.5,SKIPPED_MAX_TRADES,,Max open trades reached (1) >= 1. Skipping order.
2025-11-19T07:51:00.240124,XAUUSD,1,,4095.1949999999997,4096.095,0.5,SKIPPED_MAX_TRADES,,Max open trades reached (1) >= 1. Skipping order.
2025-11-19T07:51:05.254914,XAUUSD,1,4095.938,4095.526,4096.426,0.5,OK,10009,LiveEngine
2025-11-19T07:51:10.387971,XAUUSD,1,4095.043,4094.631,4095.531,0.5,OK,10009,LiveEngine
2025-11-19T07:51:15.551395,XAUUSD,1,,4094.653,4095.553,0.5,SKIPPED_MAX_TRADES,,Max open trades reached (1) >= 1. Skipping order.
2025-11-19T07:51:20.555329,XAUUSD,1,,4094.8999999999996,4095.7999999999997,0.5,SKIPPED_MAX_TRADES,,Max open trades reached (1) >= 1. Skipping order.
2025-11-19T07:51:25.575638,XAUUSD,1,,4094.468,4095.368,0.5,SKIPPED_MAX_TRADES,,Max open trades reached (1) >= 1. Skipping order.
2025-11-19T07:51:30.584149,XAUUSD,1,,4094.5099999999998,4095.41,0.5,SKIPPED_MAX_TRADES,,Max open trades reached (1) >= 1. Skipping order.
2025-11-19T07:51:35.595650,XAUUSD,1,,4094.288,4095.188,0.5,SKIPPED_MAX_TRADES,,Max open trades reached (1) >= 1. Skipping order.
2025-11-19T07:51:40.609028,XAUUSD,1,4095.029,4094.6169999999997,4095.517,0.5,OK,10009,LiveEngine
2025-11-19T07:51:45.755838,XAUUSD,1,4094.447,4094.035,4094.935,0.5,OK,10009,LiveEngine
2025-11-19T07:51:50.915030,XAUUSD,1,4094.293,4093.881,4094.781,0.5,OK,10009,LiveEngine
2025-11-19T07:51:56.059957,XAUUSD,1,,4093.705,4094.605,0.5,SKIPPED_MAX_TRADES,,Max open trades reached (1) >= 1. Skipping order.
2025-11-19T07:52:01.074123,XAUUSD,1,4094.059,4093.647,4094.547,0.5,OK,10009,LiveEngine
2025-11-19T07:52:06.288298,XAUUSD,1,,4093.426,4094.326,0.5,SKIPPED_MAX_TRADES,,Max open trades reached (1) >= 1. Skipping order.
2025-11-19T07:52:11.309275,XAUUSD,1,4094.156,4093.7439999999997,4094.644,0.5,OK,10009,LiveEngine
2025-11-19T07:52:16.519971,XAUUSD,1,,4093.8819999999996,4094.7819999999997,0.5,SKIPPED_MAX_TRADES,,Max open trades reached (1) >= 1. Skipping order.
2025-11-19T07:52:21.531483,XAUUSD,1,,4093.895,4094.795,0.5,SKIPPED_MAX_TRADES,,Max open trades reached (1) >= 1. Skipping order.
2025-11-19T07:52:26.538198,XAUUSD,1,,4093.71,4094.61,0.5,SKIPPED_MAX_TRADES,,Max open trades reached (1) >= 1. Skipping order.
2025-11-19T07:52:31.549358,XAUUSD,1,,4093.6189999999997,4094.519,0.5,SKIPPED_MAX_TRADES,,Max open trades reached (1) >= 1. Skipping order.
2025-11-19T07:52:36.568193,XAUUSD,1,,4094.0699999999997,4094.97,0.5,SKIPPED_MAX_TRADES,,Max open trades reached (1) >= 1. Skipping order.
2025-11-19T07:52:41.587129,XAUUSD,1,,4093.678,4094.578,0.5,SKIPPED_MAX_TRADES,,Max open trades reached (1) >= 1. Skipping order.
2025-11-19T07:52:46.601703,XAUUSD,1,,4094.046,4094.946,0.5,SKIPPED_MAX_TRADES,,Max open trades reached (1) >= 1. Skipping order.
2025-11-19T07:52:51.608931,XAUUSD,1,,4093.73,4094.63,0.5,SKIPPED_MAX_TRADES,,Max open trades reached (1) >= 1. Skipping order.
2025-11-19T07:52:56.613074,XAUUSD,1,,4093.852,4094.752,0.5,SKIPPED_MAX_TRADES,,Max open trades reached (1) >= 1. Skipping order.
2025-11-19T07:53:01.621724,XAUUSD,1,,4093.781,4094.681,0.5,SKIPPED_MAX_TRADES,,Max open trades reached (1) >= 1. Skipping order.
2025-11-19T07:53:06.640846,XAUUSD,1,,4093.8309999999997,4094.7309999999998,0.5,SKIPPED_MAX_TRADES,,Max open trades reached (1) >= 1. Skipping order.
2025-11-19T07:53:11.649962,XAUUSD,1,,4093.7039999999997,4094.604,0.5,SKIPPED_MAX_TRADES,,Max open trades reached (1) >= 1. Skipping order.
2025-11-19T07:53:16.660216,XAUUSD,1,,4093.73,4094.63,0.5,SKIPPED_MAX_TRADES,,Max open trades reached (1) >= 1. Skipping order.
2025-11-19T07:53:21.667752,XAUUSD,1,,4093.6349999999998,4094.535,0.5,SKIPPED_MAX_TRADES,,Max open trades reached (1) >= 1. Skipping order.
2025-11-19T07:53:26.689591,XAUUSD,1,,4093.6259999999997,4094.526,0.5,SKIPPED_MAX_TRADES,,Max open trades reached (1) >= 1. Skipping order.
2025-11-19T07:53:31.705078,XAUUSD,1,4093.25,4092.8379999999997,4093.738,0.5,OK,10009,LiveEngine
2025-11-19T07:53:36.857625,XAUUSD,1,,4092.8269999999998,4093.727,0.5,SKIPPED_MAX_TRADES,,Max open trades reached (1) >= 1. Skipping order.
2025-11-19T07:53:41.879128,XAUUSD,1,,4092.6859999999997,4093.586,0.5,SKIPPED_MAX_TRADES,,Max open trades reached (1) >= 1. Skipping order.
2025-11-19T07:53:46.889133,XAUUSD,1,,4093.29,4094.19,0.5,SKIPPED_MAX_TRADES,,Max open trades reached (1) >= 1. Skipping order.
2025-11-19T07:53:51.900760,XAUUSD,1,,4092.935,4093.835,0.5,SKIPPED_MAX_TRADES,,Max open trades reached (1) >= 1. Skipping order.
2025-11-19T07:53:56.912327,XAUUSD,1,,4092.902,4093.802,0.5,SKIPPED_MAX_TRADES,,Max open trades reached (1) >= 1. Skipping order.
2025-11-19T07:54:01.920867,XAUUSD,1,,4092.828,4093.728,0.5,SKIPPED_MAX_TRADES,,Max open trades reached (1) >= 1. Skipping order.
2025-11-19T07:54:06.936005,XAUUSD,1,,4092.9469999999997,4093.8469999999998,0.5,SKIPPED_MAX_TRADES,,Max open trades reached (1) >= 1. Skipping order.
2025-11-19T07:54:11.942223,XAUUSD,1,,4092.6209999999996,4093.5209999999997,0.5,SKIPPED_MAX_TRADES,,Max open trades reached (1) >= 1. Skipping order.
2025-11-19T07:54:16.952601,XAUUSD,1,,4093.011,4093.911,0.5,SKIPPED_MAX_TRADES,,Max open trades reached (1) >= 1. Skipping order.
2025-11-19T07:54:21.957168,XAUUSD,1,,4092.727,4093.627,0.5,SKIPPED_MAX_TRADES,,Max open trades reached (1) >= 1. Skipping order.
2025-11-19T07:54:26.973263,XAUUSD,1,,4092.779,4093.679,0.5,SKIPPED_MAX_TRADES,,Max open trades reached (1) >= 1. Skipping order.
2025-11-19T07:54:31.984762,XAUUSD,1,,4092.772,4093.672,0.5,SKIPPED_MAX_TRADES,,Max open trades reached (1) >= 1. Skipping order.
2025-11-19T07:54:36.992874,XAUUSD,1,4093.021,4092.609,4093.509,0.5,OK,10009,LiveEngine
2025-11-19T07:54:42.151444,XAUUSD,1,4092.567,4092.1549999999997,4093.055,0.5,OK,10009,LiveEngine
2025-11-19T07:54:47.415089,XAUUSD,1,4093.237,4092.825,4093.725,0.5,OK,10009,LiveEngine
2025-11-19T07:54:52.749283,XAUUSD,1,,4092.8489999999997,4093.749,0.5,SKIPPED_MAX_TRADES,,Max open trades reached (1) >= 1. Skipping order.
2025-11-19T07:54:57.760099,XAUUSD,1,4093.194,4092.7819999999997,4093.682,0.5,OK,10009,LiveEngine
2025-11-19T07:55:02.917811,XAUUSD,1,4092.033,4091.6209999999996,4092.5209999999997,0.5,OK,10009,LiveEngine
2025-11-19T07:55:08.070544,XAUUSD,1,,4091.7839999999997,4092.6839999999997,0.5,SKIPPED_MAX_TRADES,,Max open trades reached (1) >= 1. Skipping order.
2025-11-19T07:55:13.082054,XAUUSD,1,4091.637,4091.225,4092.125,0.5,OK,10009,LiveEngine
2025-11-19T07:55:18.234219,XAUUSD,1,4092.105,4091.6929999999998,4092.593,0.5,OK,10009,LiveEngine
2025-11-19T07:55:23.376044,XAUUSD,1,,4091.8269999999998,4092.727,0.5,SKIPPED_MAX_TRADES,,Max open trades reached (1) >= 1. Skipping order.
2025-11-19T07:55:28.386431,XAUUSD,1,,4091.77,4092.67,0.5,SKIPPED_MAX_TRADES,,Max open trades reached (1) >= 1. Skipping order.
2025-11-19T07:55:33.397166,XAUUSD,1,4091.717,4091.305,4092.205,0.5,OK,10009,LiveEngine
2025-11-19T07:55:38.597189,XAUUSD,1,,4091.073,4091.973,0.5,SKIPPED_MAX_TRADES,,Max open trades reached (1) >= 1. Skipping order.
2025-11-19T07:55:43.603246,XAUUSD,1,4091.467,4091.055,4091.955,0.5,OK,10009,LiveEngine
2025-11-19T07:55:48.746312,XAUUSD,1,,4090.9379999999996,4091.8379999999997,0.5,SKIPPED_MAX_TRADES,,Max open trades reached (1) >= 1. Skipping order.
2025-11-19T07:55:53.759230,XAUUSD,1,,4090.964,4091.864,0.5,SKIPPED_MAX_TRADES,,Max open trades reached (1) >= 1. Skipping order.
2025-11-19T07:55:58.771380,XAUUSD,1,,4090.763,4091.663,0.5,SKIPPED_MAX_TRADES,,Max open trades reached (1) >= 1. Skipping order.
2025-11-19T07:56:03.785095,XAUUSD,1,4090.583,4090.171,4091.071,0.5,OK,10009,LiveEngine
2025-11-19T07:56:08.919097,XAUUSD,1,4090.937,4090.5249999999996,4091.4249999999997,0.5,OK,10009,LiveEngine
2025-11-19T07:56:14.062805,XAUUSD,1,,4090.4159999999997,4091.316,0.5,SKIPPED_MAX_TRADES,,Max open trades reached (1) >= 1. Skipping order.
2025-11-19T07:56:19.074219,XAUUSD,1,,4090.5699999999997,4091.47,0.5,SKIPPED_MAX_TRADES,,Max open trades reached (1) >= 1. Skipping order.
2025-11-19T07:56:24.077952,XAUUSD,1,4090.472,4090.06,4090.96,0.5,OK,10009,LiveEngine
2025-11-19T07:56:29.231935,XAUUSD,1,,4089.8269999999998,4090.727,0.5,SKIPPED_MAX_TRADES,,Max open trades reached (1) >= 1. Skipping order.
2025-11-19T07:56:34.247378,XAUUSD,1,,4089.877,4090.777,0.5,SKIPPED_MAX_TRADES,,Max open trades reached (1) >= 1. Skipping order.
2025-11-19T07:56:39.250812,XAUUSD,1,,4089.9179999999997,4090.8179999999998,0.5,SKIPPED_MAX_TRADES,,Max open trades reached (1) >= 1. Skipping order.
2025-11-19T07:56:44.271845,XAUUSD,1,4089.787,4089.375,4090.275,0.5,OK,10009,LiveEngine
2025-11-19T07:56:49.402097,XAUUSD,1,,4089.5499999999997,4090.45,0.5,SKIPPED_MAX_TRADES,,Max open trades reached (1) >= 1. Skipping order.
2025-11-19T07:56:54.414712,XAUUSD,1,,4089.1209999999996,4090.0209999999997,0.5,SKIPPED_MAX_TRADES,,Max open trades reached (1) >= 1. Skipping order.
2025-11-19T07:56:59.422618,XAUUSD,1,4089.002,4088.5899999999997,4089.49,0.5,OK,10009,LiveEngine
2025-11-19T07:57:04.632802,XAUUSD,1,,4088.622,4089.522,0.5,SKIPPED_MAX_TRADES,,Max open trades reached (1) >= 1. Skipping order.
2025-11-19T07:57:09.641825,XAUUSD,1,4088.434,4088.022,4088.922,0.5,OK,10009,LiveEngine
2025-11-19T07:57:14.796199,XAUUSD,1,,4088.252,4089.152,0.5,SKIPPED_MAX_TRADES,,Max open trades reached (1) >= 1. Skipping order.
2025-11-19T07:57:19.800155,XAUUSD,1,4089.148,4088.736,4089.636,0.5,OK,10009,LiveEngine
2025-11-19T07:57:24.948670,XAUUSD,1,,4088.9939999999997,4089.894,0.5,SKIPPED_MAX_TRADES,,Max open trades reached (1) >= 1. Skipping order.
2025-11-19T07:57:29.957533,XAUUSD,1,4089.723,4089.3109999999997,4090.211,0.5,OK,10009,LiveEngine
2025-11-19T07:57:35.129852,XAUUSD,1,,4089.355,4090.255,0.5,SKIPPED_MAX_TRADES,,Max open trades reached (1) >= 1. Skipping order.
2025-11-19T07:57:40.144370,XAUUSD,1,,4089.328,4090.228,0.5,SKIPPED_MAX_TRADES,,Max open trades reached (1) >= 1. Skipping order.
2025-11-19T07:57:45.154170,XAUUSD,1,4089.489,4089.0769999999998,4089.977,0.5,OK,10009,LiveEngine
2025-11-19T07:57:50.303042,XAUUSD,1,4089.04,4088.6279999999997,4089.528,0.5,OK,10009,LiveEngine
2025-11-19T07:57:55.448616,XAUUSD,1,,4088.364,4089.264,0.5,SKIPPED_MAX_TRADES,,Max open trades reached (1) >= 1. Skipping order.
2025-11-19T07:58:00.456496,XAUUSD,1,4088.524,4088.1119999999996,4089.0119999999997,0.5,OK,10009,LiveEngine
2025-11-19T07:58:05.604409,XAUUSD,1,,4088.3379999999997,4089.238,0.5,SKIPPED_MAX_TRADES,,Max open trades reached (1) >= 1. Skipping order.
2025-11-19T07:58:10.614854,XAUUSD,1,,4088.093,4088.993,0.5,SKIPPED_MAX_TRADES,,Max open trades reached (1) >= 1. Skipping order.
2025-11-19T07:58:15.625081,XAUUSD,1,,4088.7019999999998,4089.602,0.5,SKIPPED_MAX_TRADES,,Max open trades reached (1) >= 1. Skipping order.
2025-11-19T07:58:20.636948,XAUUSD,1,4087.232,4086.8199999999997,4087.72,0.5,OK,10009,LiveEngine
2025-11-19T07:58:25.785396,XAUUSD,1,,4086.895,4087.795,0.5,SKIPPED_MAX_TRADES,,Max open trades reached (1) >= 1. Skipping order.
2025-11-19T07:58:30.799880,XAUUSD,1,,4086.97,4087.87,0.5,SKIPPED_MAX_TRADES,,Max open trades reached (1) >= 1. Skipping order.
2025-11-19T07:58:35.812878,XAUUSD,1,,4086.614,4087.514,0.5,SKIPPED_MAX_TRADES,,Max open trades reached (1) >= 1. Skipping order.
2025-11-19T07:58:40.824323,XAUUSD,1,,4086.899,4087.799,0.5,SKIPPED_MAX_TRADES,,Max open trades reached (1) >= 1. Skipping order.
2025-11-19T07:58:45.838506,XAUUSD,1,,4086.7749999999996,4087.6749999999997,0.5,SKIPPED_MAX_TRADES,,Max open trades reached (1) >= 1. Skipping order.
2025-11-19T07:58:50.842409,XAUUSD,1,,4086.7839999999997,4087.6839999999997,0.5,SKIPPED_MAX_TRADES,,Max open trades reached (1) >= 1. Skipping order.
2025-11-19T07:58:55.859818,XAUUSD,1,,4086.7019999999998,4087.602,0.5,SKIPPED_MAX_TRADES,,Max open trades reached (1) >= 1. Skipping order.
2025-11-19T07:59:00.872151,XAUUSD,1,,4087.203,4088.103,0.5,SKIPPED_MAX_TRADES,,Max open trades reached (1) >= 1. Skipping order.
2025-11-19T07:59:05.880631,XAUUSD,1,4087.694,4087.2819999999997,4088.182,0.5,OK,10009,LiveEngine
2025-11-19T07:59:11.023742,XAUUSD,1,,4087.163,4088.063,0.5,SKIPPED_MAX_TRADES,,Max open trades reached (1) >= 1. Skipping order.
2025-11-19T07:59:16.031654,XAUUSD,1,,4087.1029999999996,4088.0029999999997,0.5,SKIPPED_MAX_TRADES,,Max open trades reached (1) >= 1. Skipping order.
2025-11-19T07:59:21.043795,XAUUSD,1,4086.547,4086.1349999999998,4087.035,0.5,OK,10009,LiveEngine
2025-11-19T07:59:26.649102,XAUUSD,1,,4086.22,4087.12,0.5,SKIPPED_MAX_TRADES,,Max open trades reached (1) >= 1. Skipping order.
2025-11-19T07:59:31.650978,XAUUSD,1,,4086.0789999999997,4086.979,0.5,SKIPPED_MAX_TRADES,,Max open trades reached (1) >= 1. Skipping order.
2025-11-19T07:59:36.660615,XAUUSD,1,,4086.129,4087.029,0.5,SKIPPED_MAX_TRADES,,Max open trades reached (1) >= 1. Skipping order.
2025-11-19T07:59:41.668676,XAUUSD,1,,4086.499,4087.399,0.5,SKIPPED_MAX_TRADES,,Max open trades reached (1) >= 1. Skipping order.
2025-11-19T07:59:46.673262,XAUUSD,1,,4086.216,4087.116,0.5,SKIPPED_MAX_TRADES,,Max open trades reached (1) >= 1. Skipping order.
2025-11-19T07:59:51.686890,XAUUSD,1,,4086.2999999999997,4087.2,0.5,SKIPPED_MAX_TRADES,,Max open trades reached (1) >= 1. Skipping order.
2025-11-19T07:59:56.699325,XAUUSD,1,,4086.354,4087.254,0.5,SKIPPED_MAX_TRADES,,Max open trades reached (1) >= 1. Skipping order.
2025-11-19T08:00:01.713529,XAUUSD,1,4086.46,4086.048,4086.948,0.5,OK,10009,LiveEngine
2025-11-19T08:00:06.843903,XAUUSD,1,,4085.79,4086.69,0.5,SKIPPED_MAX_TRADES,,Max open trades reached (1) >= 1. Skipping order.
2025-11-19T08:00:11.862924,XAUUSD,1,4085.967,4085.555,4086.455,0.5,OK,10009,LiveEngine
2025-11-19T08:00:17.176144,XAUUSD,1,,4084.816,4085.716,0.5,SKIPPED_MAX_TRADES,,Max open trades reached (1) >= 1. Skipping order.
2025-11-19T08:00:22.187450,XAUUSD,1,4084.758,4084.346,4085.246,0.5,OK,10009,LiveEngine
2025-11-19T08:00:28.081349,XAUUSD,1,4084.631,4084.2189999999996,4085.1189999999997,0.5,OK,10009,LiveEngine
2025-11-19T08:00:33.232082,XAUUSD,1,,4084.6059999999998,4085.506,0.5,SKIPPED_MAX_TRADES,,Max open trades reached (1) >= 1. Skipping order.
2025-11-19T08:00:38.241836,XAUUSD,1,,4084.701,4085.601,0.5,SKIPPED_MAX_TRADES,,Max open trades reached (1) >= 1. Skipping order.
2025-11-19T08:00:43.252351,XAUUSD,1,4085.357,4084.9449999999997,4085.845,0.5,OK,10009,LiveEngine
2025-11-19T08:00:48.386902,XAUUSD,1,4084.776,4084.364,4085.264,0.5,OK,10009,LiveEngine
2025-11-19T08:00:53.534535,XAUUSD,1,,4084.288,4085.188,0.5,SKIPPED_MAX_TRADES,,Max open trades reached (1) >= 1. Skipping order.
2025-11-19T08:00:58.545212,XAUUSD,1,,4084.2859999999996,4085.1859999999997,0.5,SKIPPED_MAX_TRADES,,Max open trades reached (1) >= 1. Skipping order.
2025-11-19T08:01:03.550453,XAUUSD,1,4083.86,4083.448,4084.348,0.5,OK,10009,LiveEngine
2025-11-19T08:01:08.802448,XAUUSD,1,,4083.4069999999997,4084.307,0.5,SKIPPED_MAX_TRADES,,Max open trades reached (1) >= 1. Skipping order.
2025-11-19T08:01:13.815405,XAUUSD,1,4083.899,4083.4869999999996,4084.3869999999997,0.5,OK,10009,LiveEngine
2025-11-19T08:01:18.952595,XAUUSD,1,4084.603,4084.1659999999997,4085.066,0.5,OK,10009,LiveEngine
2025-11-19T08:01:24.109029,XAUUSD,1,4084.216,4083.8039999999996,4084.7039999999997,0.5,OK,10009,LiveEngine
2025-11-19T08:01:29.240133,XAUUSD,1,4085.067,4084.6549999999997,4085.555,0.5,OK,10009,LiveEngine
2025-11-19T08:01:34.388125,XAUUSD,1,,4084.883,4085.783,0.5,SKIPPED_MAX_TRADES,,Max open trades reached (1) >= 1. Skipping order.
2025-11-19T08:01:39.394371,XAUUSD,1,4085.349,4084.937,4085.837,0.5,OK,10009,LiveEngine
2025-11-19T08:01:44.524301,XAUUSD,1,4084.635,4084.223,4085.123,0.5,OK,10009,LiveEngine
2025-11-19T08:01:49.668875,XAUUSD,1,,4084.1009999999997,4085.0009999999997,0.5,SKIPPED_MAX_TRADES,,Max open trades reached (1) >= 1. Skipping order.
2025-11-19T08:01:54.682381,XAUUSD,1,,4084.499,4085.399,0.5,SKIPPED_MAX_TRADES,,Max open trades reached (1) >= 1. Skipping order.
2025-11-19T08:01:59.693087,XAUUSD,1,4085.113,4084.701,4085.601,0.5,OK,10009,LiveEngine
2025-11-19T08:02:05.115259,XAUUSD,1,,4084.8399999999997,4085.74,0.5,SKIPPED_MAX_TRADES,,Max open trades reached (1) >= 1. Skipping order.
2025-11-19T08:02:10.125270,XAUUSD,1,4084.894,4084.482,4085.382,0.5,OK,10009,LiveEngine
2025-11-19T08:02:15.271250,XAUUSD,1,,4084.6189999999997,4085.519,0.5,SKIPPED_MAX_TRADES,,Max open trades reached (1) >= 1. Skipping order.
2025-11-19T08:02:20.282935,XAUUSD,1,4084.494,4084.082,4084.982,0.5,OK,10009,LiveEngine
2025-11-19T08:02:25.430147,XAUUSD,1,4085.651,4085.239,4086.139,0.5,OK,10009,LiveEngine
2025-11-19T08:02:30.589085,XAUUSD,1,4085.213,4084.801,4085.701,0.5,OK,10009,LiveEngine
2025-11-19T08:02:35.732248,XAUUSD,1,,4084.9489999999996,4085.8489999999997,0.5,SKIPPED_MAX_TRADES,,Max open trades reached (1) >= 1. Skipping order.
2025-11-19T08:02:40.739391,XAUUSD,1,4085.559,4085.147,4086.047,0.5,OK,10009,LiveEngine
2025-11-19T08:02:45.883916,XAUUSD,1,,4084.913,4085.813,0.5,SKIPPED_MAX_TRADES,,Max open trades reached (1) >= 1. Skipping order.
2025-11-19T08:02:50.889772,XAUUSD,1,,4085.124,4086.024,0.5,SKIPPED_MAX_TRADES,,Max open trades reached (1) >= 1. Skipping order.
2025-11-19T08:02:55.898811,XAUUSD,1,4084.752,4084.3399999999997,4085.24,0.5,OK,10009,LiveEngine
2025-11-19T08:03:01.026431,XAUUSD,1,,4084.6659999999997,4085.566,0.5,SKIPPED_MAX_TRADES,,Max open trades reached (1) >= 1. Skipping order.
2025-11-19T08:03:06.038460,XAUUSD,1,4084.884,4084.4979999999996,4085.3979999999997,0.5,OK,10009,LiveEngine
2025-11-19T08:03:11.182541,XAUUSD,1,4085.952,4085.515,4086.415,0.5,OK,10009,LiveEngine
2025-11-19T08:03:16.314283,XAUUSD,1,,4085.553,4086.453,0.5,SKIPPED_MAX_TRADES,,Max open trades reached (1) >= 1. Skipping order.
2025-11-19T08:03:21.329087,XAUUSD,1,4086.548,4086.136,4087.036,0.5,OK,10009,LiveEngine
2025-11-19T08:03:26.505541,XAUUSD,1,,4086.316,4087.216,0.5,SKIPPED_MAX_TRADES,,Max open trades reached (1) >= 1. Skipping order.
2025-11-19T08:03:31.514751,XAUUSD,1,4086.14,4085.7279999999996,4086.6279999999997,0.5,OK,10009,LiveEngine
2025-11-19T08:03:36.826973,XAUUSD,1,4085.766,4085.354,4086.254,0.5,OK,10009,LiveEngine
2025-11-19T08:03:41.974385,XAUUSD,1,4085.658,4085.2459999999996,4086.1459999999997,0.5,OK,10009,LiveEngine
2025-11-19T08:03:47.115781,XAUUSD,1,,4085.6789999999996,4086.5789999999997,0.5,SKIPPED_MAX_TRADES,,Max open trades reached (1) >= 1. Skipping order.
2025-11-19T08:03:52.122148,XAUUSD,1,,4085.506,4086.406,0.5,SKIPPED_MAX_TRADES,,Max open trades reached (1) >= 1. Skipping order.
2025-11-19T08:03:57.133990,XAUUSD,1,,4084.9139999999998,4085.814,0.5,SKIPPED_MAX_TRADES,,Max open trades reached (1) >= 1. Skipping order.
2025-11-19T08:04:02.137612,XAUUSD,1,4084.944,4084.5319999999997,4085.432,0.5,OK,10009,LiveEngine
2025-11-19T08:04:07.285312,XAUUSD,1,,4084.832,4085.732,0.5,SKIPPED_MAX_TRADES,,Max open trades reached (1) >= 1. Skipping order.
2025-11-19T08:04:12.299621,XAUUSD,1,4085.603,4085.191,4086.091,0.5,OK,10009,LiveEngine
2025-11-19T08:04:17.443004,XAUUSD,1,4085.659,4085.247,4086.147,0.5,OK,10009,LiveEngine
2025-11-19T08:04:22.571827,XAUUSD,1,4085.227,4084.8149999999996,4085.7149999999997,0.5,OK,10009,LiveEngine
2025-11-19T08:04:27.908271,XAUUSD,1,,4085.0789999999997,4085.979,0.5,SKIPPED_MAX_TRADES,,Max open trades reached (1) >= 1. Skipping order.
2025-11-19T08:04:32.927874,XAUUSD,1,4085.88,4085.468,4086.368,0.5,OK,10009,LiveEngine
2025-11-19T08:04:38.075526,XAUUSD,1,4084.937,4084.5249999999996,4085.4249999999997,0.5,OK,10009,LiveEngine
2025-11-19T08:04:43.219376,XAUUSD,1,4084.81,4084.3979999999997,4085.298,0.5,OK,10009,LiveEngine
2025-11-19T08:04:48.403671,XAUUSD,1,,4084.444,4085.344,0.5,SKIPPED_MAX_TRADES,,Max open trades reached (1) >= 1. Skipping order.
2025-11-19T08:04:53.408429,XAUUSD,1,,4084.5879999999997,4085.488,0.5,SKIPPED_MAX_TRADES,,Max open trades reached (1) >= 1. Skipping order.
2025-11-19T08:04:58.421480,XAUUSD,1,,4084.5159999999996,4085.4159999999997,0.5,SKIPPED_MAX_TRADES,,Max open trades reached (1) >= 1. Skipping order.
